student_id,member_id,event_id,member_name,student_email
20221201,101,1,Ezequiel Dinneges,rmccabe0@boston.com
20221202,102,2,Amelita O'Fairy,bbeaney1@baidu.com
20221203,103,3,Tadeo Treagus,nmartschik2@wikia.com
20221204,104,4,Tiff Le Marquis,cstryde3@theglobeandmail.com
20221205,105,5,Davita Batcheldor,medgson4@sina.com.cn
20221206,106,6,Herman Sevier,bchisolm5@youtu.be
20221207,107,7,Louis Suthren,wolney6@washingtonpost.com
20221208,108,8,Justis Beaver,jtitford7@artisteer.com
20221209,109,9,Raviv Jales,fgaunter8@blogspot.com
20221210,110,10,Chen Boadby,hcornfield9@histats.com
20221211,111,11,Bert Edgworth,jphizackleaa@chicagotribune.com
20221212,112,12,Johanna Copas,ashawcrossb@imdb.com
20221213,113,13,Georgine Bree,lrobkenc@issuu.com
20221214,114,14,Fanni Takis,awethd@myspace.com
20221215,115,15,Ashely Pim,fbrabane@histats.com
20221216,116,16,Iorgos Pluck,jpressdeef@uiuc.edu
20221217,117,17,Pippa Elleton,josbourneg@psu.edu
20221218,118,18,Clywd Kulas,bcropperh@yellowpages.com
20221219,119,19,Constantin Dollar,vdraycotti@biblegateway.com
20221220,120,20,Ronny Keuntje,kfannonj@nba.com
20221221,121,21,Maia Weeden,eweatherleyk@about.com
20221222,122,22,Vasily Gitthouse,mmarrel@opensource.org
20221223,123,23,Martynne Mordin,emithamm@amazon.com
20221224,124,24,Carmina Tesmond,roscullyn@va.gov
20221225,125,25,Ivory Hillaby,cmegarryo@domainmarket.com
20221226,126,26,Keri Vamplers,bfitchp@examiner.com
20221227,127,27,Avril Millott,ddineenq@php.net
20221228,128,28,Teddie Olliff,tcurnokr@flickr.com
20221229,129,29,Christina Bewsey,cpinckards@home.pl
20221230,130,30,Rozalin Whye,bpesikt@earthlink.net
20221231,131,31,Inglebert Coxhead,hmurtonu@addtoany.com
20221232,132,32,Minnnie Hulmes,sbruhnsenv@webmd.com
20221233,133,33,Kane Braban,gjozsikaw@mayoclinic.com
20221234,134,34,Brew Neasham,iscritchx@squarespace.com
20221235,135,35,Finley Kubczak,cocannony@icq.com
20221236,136,36,Ritchie Eyers,bbeggiz@freewebs.com
20221237,137,37,Rivi Fechnie,raggas10@youtu.be
20221238,138,38,Fowler Luety,lbyron11@cbsnews.com
20221239,139,39,Lucia Mitchall,alusgdin12@ihg.com
20221240,140,40,Rorke Postins,ofairall13@wordpress.com
20221241,141,41,Desdemona Hardwidge,rpiwell14@artisteer.com
20221242,142,42,Delcine Bockett,hmatterdace15@usatoday.com
20221243,143,43,Therese Guidetti,lcarpmile16@barnesandnoble.com
20221244,144,44,Paola Gaggen,estormont17@pen.io
20221245,145,45,Jeane Casaccio,lyouel18@ezinearticles.com
20221246,146,46,Amerigo Skelhorne,adorrance19@biglobe.ne.jp
20221247,147,47,Bartolemo Clipsham,ksevin1a@indiegogo.com
20221248,148,48,Waverly BURWIN,iableson1b@guardian.co.uk
20221249,149,49,Cris Cormode,pfosberry1c@imageshack.us
20221250,150,50,Amelina Millin,kbosch1d@blogspot.com
20221251,151,51,Gleda Kleinzweig,cpease1e@cbslocal.com
20221252,152,52,Lolita Ralph,mfawson1f@mac.com
20221253,153,53,Barbabra Radcliffe,nkanzler1g@bing.com
20221254,154,54,Leonanie Tremellan,mlamas1h@seesaa.net
20221255,155,55,Mabelle Lafrentz,alicciardiello1i@ucla.edu
20221256,156,56,Elsi Goard,emellon1j@constantcontact.com
20221257,157,57,Judie Gaine of England,sdearl1k@about.me
20221258,158,58,Mandy Kleinhaus,cnorthcott1l@nih.gov
20221259,159,59,Conant Christian,tgiral1m@google.com.br
20221260,160,60,Garth Seel,lbantick1n@webs.com
20221261,161,61,Jeanelle Peare,aguinnane1o@nationalgeographic.com
20221262,162,62,Farlie Cordle,kscrivens1p@themeforest.net
20221263,163,63,Toiboid Jamson,bhowarth1q@amazon.co.jp
20221264,164,64,Jedediah Goschalk,wtubritt1r@miitbeian.gov.cn
20221265,165,65,Darelle Abramow,csunter1s@blog.com
20221266,166,66,Chaddy Tulley,dservante1t@bbb.org
20221267,167,67,Alain Pendrid,iwardlow1u@dropbox.com
20221268,168,68,Selena Attawell,klackinton1v@rediff.com
20221269,169,69,Goldi Bomb,ajunes1w@tinypic.com
20221270,170,70,Rhiamon Bussell,rshakelady1x@barnesandnoble.com
20221271,171,71,Ema Arnald,bsoppit1y@weebly.com
20221272,172,72,Natka Dudderidge,lpetrovic1z@nba.com
20221273,173,73,Tristam Dunseath,laleksankov20@so-net.ne.jp
20221274,174,74,Matilda Twist,cgiacovelli21@geocities.com
20221275,175,75,Sasha Towhey,cperford22@nymag.com
20221276,176,76,Tyrus Dawney,dmalmar23@google.cn
20221277,177,77,Matty Ridsdale,jfoye24@telegraph.co.uk
20221278,178,78,Monte Tamlett,acrosthwaite25@friendfeed.com
20221279,179,79,Noell Swafield,bhoward26@home.pl
20221280,180,80,Tarra Rooksby,rmora27@cbc.ca
20221281,181,81,Gibbie Millott,jeverex28@ted.com
20221282,182,82,Dareen Meader,abohike29@latimes.com
20221283,183,83,Allene Pool,lbrownstein2a@ihg.com
20221284,184,84,Alecia Culross,gpomroy2b@theguardian.com
20221285,185,85,Kessiah Parmiter,ysuddaby2c@unicef.org
20221286,186,86,Shandra Faber,dbasey2d@paypal.com
20221287,187,87,Melissa Belsey,cchadwin2e@msn.com
20221288,188,88,Imojean Baldock,pbruins2f@ask.com
20221289,189,89,Der Hurl,ldavoren2g@wufoo.com
20221290,190,90,Junie Fruish,gtedman2h@cmu.edu
20221291,191,91,Ferdinanda Jarret,ipeyzer2i@hibu.com
20221292,192,92,Gerardo Phelps,mminget2j@amazon.co.jp
20221293,193,93,Esme Jahan,cstorch2k@weebly.com
20221294,194,94,Shurlock Kingsly,gvignal2l@engadget.com
20221295,195,95,Hercules Cymper,rharrie2m@fema.gov
20221296,196,96,Giles Eakins,aandraud2n@google.ca
20221297,197,97,Franzen Defond,gpolley2o@who.int
20221298,198,98,Bastian Wickey,ypreto2p@umich.edu
20221299,199,99,Muhammad Colin,bcundy2q@a8.net
20221300,200,100,Rowena Andreoletti,fenglish2r@g.co
