security_id,s_name
1,Stephana
2,Herold
3,Deena
4,Xymenes
5,Coriss
6,Luther
7,Derril
8,Leslie
9,Brigid
10,Natale
11,Alfonse
12,Ira
13,Gretta
14,Kendrick
15,Yovonnda
16,Pebrook
17,Erin
18,Timmy
19,Fonz
20,Leon
21,Josee
22,Corrianne
23,Darryl
24,Florry
25,Lorianne
26,Andrus
27,Libbie
28,Ralina
29,Rafaello
30,Lil
31,Marcela
32,Purcell
33,Denney
34,Waiter
35,Rena
36,Mignon
37,Amandy
38,Karry
39,Liza
40,Thorsten
41,Finn
42,Ian
43,Mona
44,Nolana
45,Marcellus
46,Imojean
47,Corey
48,Colette
49,Ralf
50,Antonietta
